Код услуги;Наименование услуги;Цена услуги;
Компьютерная томография 100;;;
116;Консультация врача-рентгенолога;800,00;руб
;Голова;;
101;МСКТ лицевого отдела черепа;4200,00;руб
102;МСКТ головного мозга;4200,00;руб
103;МСКТ околоносовых пазух;4200,00;руб
104;МСКТ орбит;3900,00;руб
105;МСКТ пирамиды височной кости;4200,00;руб
106;МСКТ одной челюсти зубочелюстной системы;4200,00;руб
107;МСКТ височно-нижнечелюстного сустава;4200,00;руб
109;МСКТ турецкого седла;2400,00;руб
;Шея;;
111;МСКТ мягких тканей шеи;4200,00;руб
;Органы грудной клетки;;
112;МСКТ органов грудной клетки и средостения (акция%);3800,00;руб
;110 МСКТ органов грудной клетки и средостения;4900,00;руб
;Брюшная полость;;
117;МСКТ органов брюшной полости и забрюшинного пространства;5000,00;руб
149;Виртуальная колоноскопия;6900,00;руб
;Органы малого таза;;
118;МСКТ мочевыделительной системы (почки, мочеточники, мочевой пузырь) ;5500,00;руб
123;МСКТ органов малого таза;4200,00;руб
;Дополнительные услуги;;
148;Запись результатов исследования (снимок);450,00;руб
147;Дубликат результатов исследования (CD, протокол);450,00;руб
119;Интерпретация исследования (рентген), произведенного в другом учреждении;800,00;руб
128;Интерпретация исследования (КТ), произведенного в другом учереждении;2000,00;руб
;Суставы и кости;;
124;МСКТ костей таза;4500,00;руб
129;МСКТ коленных суставов (2);5000,00;руб
131;МСКТ тазобедренных суставов (2);4500,00;руб
133;МСКТ голеностопных суставов (2);5000,00;руб
135;МСКТ плечевого сустава (2);5000,00;руб
137;МСКТ локтевого сустава (2);5000,00;руб
139;МСКТ лучезапяпястных суставов (2);5000,00;руб
142;МСКТ кистей (2х конечн.);5000,00;руб
144;МСКТ стоп (2х конечн.);5000,00;руб
138;МСКТ трубчатых костей;3600,00;руб
140;МСКТ сегмента конечности (плечо, предплечье, бедро, голень);4200,00;руб
;Позвоночник;;
125;МСКТ позвоночника (шейный отдел);4600,00;руб
126;МСКТ позвоночника (грудной отдел);4600,00;руб
127;МСКТ позвоночника (пояснично-крестцовый отдел);4600,00;руб
182;МСКТ Крестцово-копчиковый отдел;4600,00;руб
;Комплексное обследование;;
145;МСКТ всех отделов позвоночника;10800,00;руб
146;МСКТ всего тела (органов грудной глетки, брюшной полости и малого таза);12000,00;руб
180;МСКТ органов грудной клетки и органов брюшной полости с внутривенным болюсным контрастированием;14600,00;руб
179;МСКТ органов брюшной полости и органов малого таза с внутривенным болюсным контрастированием;12500,00;руб
151;МСКТ органов брюшной полости и мочевыделительной системы с внутривенным болюсным контрастированием;14800,00;руб
178;МСКТ органов грудной клетки, органов брюшной полости и мочевыделительной системы с внутривенным болюсным контрастированием;19400,00;руб
177;Комплексное МСКТ головы: головного мозга, костей черепа и лицевых костей;7000,00;руб
;МСКТ с контрастированием;;
154;Болюсное контрастирование (Омнипак);5000,00;руб
150;КТ - коронарография (компьютерная томография коронарных сосудов);15000,00;руб
190;МСКТ Ангиография сосудов шеи (экстракраниальный отдел);9000,00;руб
191;МСКТ сосудов головы и шеи (экстра- и интракраниальных);12500,00;руб
152;МСКТ Ангиография сосудов головного мозга (интракраниальный отдел);9000,00;руб
153;МСКТ головы с контрастированием структур головного мозга;9200,00;руб
184;МСКТ брюшной полости с внутривенным болюстным контрастированием;10000,00;руб
161;МСКТ мочевыделительной системы с внутривенным болюстным контрастированием (почки, надпочечники, мочеточники, мочевой пузырь);10200,00;руб
166;МСКТ органов грудной клетки и средостения с внутривенным болюстным контрастированием;9600,00;руб
167;МСКТ органов малого таза с внутривенным болюстным контрастированием;9200,00;руб
170;МСКТ орбит с внутривенным болюсным контрастированием;8840,00;руб
171;МСКТ шеи и гортани с внутривенным болюстным контрастированием;9200,00;руб
174;Применение дополнительной методики: МСКТ - определение коронарного кальция;3000,00;руб
181;Применение постпроцесной обработки изображений - построение мультипланарныхи трехмерных объемных реконструкций заданных сечений (MPR, MIP, SSD и др.) (дополнительно к основной услуге);2500,00;руб
183;Дополнительное использование контрастного вещества Урографин;300,00;руб
186;Ангиография сосудов нижних конечностей;10000,00;руб
;Дополнительное исследование одноименной зоны в течение 14 дней с внутривенным болюсным контрастированием;;
122;МСКТ органов брюшной полости с внутривенным болюсным контрастированием;7500,00;руб
Кардиология 200;;;
201;Первичный прием кардиолога, кандидата медицинских наук;2100,00;руб
206;Первичный прием кардиолога, кандидата медицинских наук + ЭКГ;2500,00;руб
202;Повторный прием кардиолога, кандидата медицинских наук;1900,00;руб
207/1;Повторный прием кардиолога, кандидата медицинских наук + ЭКГ;2100,00;руб
203;Прием на дому врача кардиолога, кандидата медицинских наук (< 20 км.);4100,00;руб
205;Прием на дому врача кардиолога, кандидата медицинских наук (> 20 км.);4800,00;руб
215;Первичный прием кардиолога;1200,00;руб
216;Повторный прием кардиолога;1000,00;руб
217;Первичный прием кардиолога + ЭКГ;1500,00;руб
218;Повторный прием кардиолога + ЭКГ;1300,00;руб
219;Прием на дому врача кардиолога (< 20 км);2400,00;руб
212;Прием на дому врача кардиолога (> 20 км.);2800,00;руб
204;Спирография у врача кардиолога, кандидата медицинских наук;850,00;руб
211;Расшифровка ЭКГ, снятого в другом учереждении;200,00;руб
220;Электрокардиография ЭКГ (во время приема кардиолога);400,00;руб
Функционал. Диагностика 300;;;
305/1;Нагрузочный тредмил-тест;1800,00;руб
306;Пикфлоуметрия 1;400,00;руб
303;Суточное мониторирование АД  (СМАД);1800,00;руб
304;Суточное мониторирование АД, ЭКГ (ХОЛТЕР, СМАД);3000,00;руб
302;Холтеровское мониторирование ЭКГ;2290,00;руб
301;ЭКГ (взрослые);700,00;руб
301/1;ЭКГ (дети);800,00;руб
309;ЭКГ с физической нагрузкой (взрослые);1400,00;руб
309/1;ЭКГ с физической нагрузкой (дети);1600,00;руб
308/1;ЭЭГ (льгота);1200,00;руб
308;ЭЭГ рутинное, взрослым;1400,00;руб
307;ЭЭГ рутинное, детям;2800,00;руб
УЗИ диагностика 400;;;
;Суставы;;
;Сердце;;
408;УЗИ одного лучезапястного сустава;900,00;руб
460;Эхокардиография (ЭХО-КГ);1800,00;руб
;Плевральные полости;;
498;УЗИ плевральных полостей;700,00;руб
;Железы;;
450;УЗИ щитовидной железы и паращитовидных желез;1000,00;руб
454;УЗИ шеи (околоушные, подчелюстные, слюнные железы и лимфатические узлы шеи);1100,00;руб
448;УЗИ молочных желез с периферическими лимфоузлами;1500,00;руб
449;УЗИ вилочковой железы;1500,00;руб
;Органы брюшной полости;;
401;УЗИ органов брюшной полости (печени, желчного пузыря, поджелудочной железы, селезенки);1300,00;руб
403;УЗИ желчного пузыря с определением его сократимости;1500,00;руб
406;УЗИ органов брюшной полости и почек;1700,00;руб
409;УЗИ органов брюшной полости с исследованием забрюшинного пространства (без почек);1500,00;руб
410;УЗИ органов брюшной полости с почками и исследованием забрюшинного пространства;1900,00;руб
;Мочевыделительная система;;
413;Узи почек, мочевого пузыря;1300,00;руб
414;УЗИ почек, мочевого пузыря и предстательной железы;1500,00;руб
415;УЗИ почек;800,00;руб
420;УЗИ предстательной железы;700,00;руб
500;УЗИ предстательной железы с доплерометрией;1000,00;руб
405;УЗИ предстательной железы и мочевого пузыря;1000,00;руб
422;ТРУЗИ предстательной железы;1000,00;руб
423;ТА и ТРУЗИ предстательной железы;1500,00;руб
424;ТРУЗИ предстательной железы с доплерографией;1200,00;руб
426;УЗИ мочевого пузыря;600,00;руб
427;УЗИ почек с надпочечниками;1200,00;руб
428;УЗИ мочевого пузыря с определением остаточной мочи;800,00;руб
429;УЗИ мочевого пузыря и почек с определением остаточной мочи;1000,00;руб
430;УЗИ мочевого пузыря и предстательной железы с определением остаточной мочи;1000,00;руб
432;УЗИ почек, мочевого пузыря и предстательной железы с определением остаточной мочи;1600,00;руб
433;УЗИ надпочечников;700,00;руб
434;УЗИ органов мошонки;750,00;руб
402;УЗИ предстательной железы и органов мошонки;1250,00;руб
435;УЗИ органов мошонки + доплерография;1000,00;руб
;Органы малого таза;;
436;Трансабдоминальное УЗИ органов малого таза;1000,00;руб
1238;Фолликулометрия;2100,00;руб
437;Трансвагинальное УЗИ органов малого таза;1100,00;руб
438;Трансабдоминальное и трансвагинальное УЗИ органов малого таза;1500,00;руб
439;УЗИ 1-й триместр беременности с доплерографией (1-ый скрининг);2000,00;руб
440;УЗИ 1-й триместр беременности с доплерографией (2 плода) (2-ой скрининг);3400,00;руб
441;УЗИ 2-й триместр беременности с доплерографией (2-ой скрининг);2700,00;руб
442;УЗИ 2-й триместр беременности с доплерографией (2 плода) (2-ой скрининг);4100,00;руб
443;УЗИ 3-й триместр беременности.;2900,00;руб
444;УЗИ 3-й триместр беременности (2 плода);4300,00;руб
445;УЗИ 3-й триместр беременности + доплерометрия сосудов матки и плода.;3100,00;руб
446;УЗИ 3-й триместр беременности + доплерометрия сосудов матки и плода (2 плода);4500,00;руб
700;Биометрия плода 1 триместр;1400,00;руб
699;Биометрия плода 2 триместр;1700,00;руб
698;Биометрия плода 3 триместр;1900,00;руб
;Артерии и вены;;
468;Дуплексное сканирование инфраренального отдела аорты и почечных артерий;1800,00;руб
457;Дуплексное сканирование вен нижних конечностей;1500,00;руб
467;Дуплексное сканирование БЦА (сонных, позвоночных и подключичных артерий);2500,00;руб
456;Дуплексное сканирование артерий нижних конечностей;1600,00;руб
463;Дуплексное сканирование интракраниальных артерий головного мозга;2300,00;руб
459;Дуплексное сканирование сосудов (артерий и вен) нижних конечностей ;2500,00;руб
475;УЗИ одного голеностопного сустава;900,00;руб
476;УЗИ одного локтевого сустава;900,00;руб
482;УЗИ одного тазобедренного сустава;1000,00;руб
474;УЗИ одного плечевого сустава;900,00;руб
473;УЗИ одного коленного сустава;900,00;руб
464;УЗИ лучезапястных суставов (парных суставов);1500,00;руб
479;УЗИ голеностопных суставов (парных суставов);1500,00;руб
480;УЗИ локтевых суставов (парных суставов);1500,00;руб
483;УЗИ тазобедренных суставов (парных суставов);1500,00;руб
477;УЗИ плечевых суставов (парных суставов);1500,00;руб
478;УЗИ коленных суставов (парных суставов);1500,00;руб
484;УЗИ лонного сочленения;1100,00;руб
481;УЗИ мелких суставов;1000,00;руб
458;Дуплексное сканирование сосудов (артерий и вен) верхних конечностей;2000,00;руб
461;Дуплексное сканирование нижней полой вены;1000,00;руб
472;Дуплексное сканирование брюшного, терминального отрела аорты и подвздошных артерий;1500,00;руб
470;Дуплексное сканирование (комлекс): интракраниальные артерии основания головного мозга + брахеоцефальные артерии;3500,00;руб
;Глаз;;
494;УЗИ глазного яблока;1000,00;руб
495;УЗИ глазного яблока с доплеровским картированием сосудов глаза;2000,00;руб
;Мягкие ткани;;
490;УЗИ мягких тканей (кожи, подкожно-жировой клетчатки, мышц);700,00;руб
491;УЗИ мягких тканей + допплерография;900,00;руб
492;УЗИ мягких тканей и послеоперационных швов;700,00;руб
;Лимфатические узлы;;
493;УЗИ лимфатических узлов (1 зона);700,00;руб
Педиатрия 500;;;
501;Первичный прием врача педиатра;1200,00;руб
502;Повторный прием врача педиатра;1000,00;руб
503;Прием на дому врача педиатра (в пределах г. Павловский Посад);2800;руб
504;Прием на дому врача педиатра (в пределах Павлово-Посадского района);3000,00;руб
510;Прием на дому врача педиатра (в городах: Электросталь, Электрогорск, Ликино-Дулево, Дрезна, Орезово-Зуево);3400;
509;Профилактический прием педиатра с оформлением справок форм 079/у, 083/4-89;1000,00;руб
Хирургия 600;;;
601;Первичный прием врача хирурга;1000;руб
602;Повторный прием врача хирурга;800;руб
637;Прием на дому врача хирурга (< 20 км.);1600,00;руб
603;ПХО раны (Хирургическая обработка раны);2500,00;руб
604;Снятие швов 2-5 см;600,00;руб
605;Перевязка (чистая рана);400,00;руб
606;Перевязка (гнойная рана);500,00;руб
607;Хирургическое удаление доброкачественных новообразований: атером, фибром, липом на теле до 4 см (обезболивание, операция, перевязка, снятие швов);4000,00;руб
608;Хирургическое удаление доброкачественных новообразований: атером, фибром, липом на теле более 4 см (обезболивание, операция, перевязка, снятие швов);5000,00;руб
609;Хирургическое удаление доброкачественных новообразований: атером, фибром, липом на шее до 4 см (обезболивание, операция, перевязка, снятие швов);4500,00;руб
610;Хирургическое удаление доброкачественных новообразований: атером, фибром, липом на шее более 4 см (обезболивание, операция, перевязка, снятие швов);5500,00;руб
611;Частичное удаление ногтевой пластины при вросшем ногте (обезболивание, операция, перевязка);2500,00;руб
612;Полное удаление ногтевой пластины (обезболивание, операция, перевязка);4000,00;руб
613;Фурункул/Карбункул (анестезия, вскрытие, обработка раны, лечебная повязка);3500,00;руб
614;Абсцесс (анестезия, вскрытие, обработка раны, лечебная повязка);4000,00;руб
615;Удаление пигментных невусов, кожных кист, папилломатозных невусов на теле до 4 см;3500,00;руб
616;Удаление пигментных невусов, кожных кист, папилломатозных невусов на теле более 4 см;4000,00;руб
618;Паранихий/Панариций (анестезия, вскрытие, обработка раны, лечебная повязка);3500,00;руб
621;Удаление лигатуры;950,00;руб
623;Удаление клеща;600,00;руб
624;Удаление инородного тела из мягких тканей;800,00;руб
626;Наложение иммобилизационной повязки при травмах;1500,00;руб
625;Удаление пигментных невусов, кожных кист, папилломатозных невусов на голове, шее до 4 см;4000,00;руб
627;Удаление пигментных невусов, кожных кист, папилломатозных невусов на голове, шее более 4 см;4500,00;руб
630;Бурсит (анестезия, вскрытие, обработка раны, лечебная повязка);5000,00;руб
632;Вправление парафимоза без рассечения;500,00;руб
633;Вправление парафимоза с рассечением;6000,00;руб
634;Снятие гипсовых лангет;1080,00;руб
635;Снятие циркулярных гипсовых лангет;1550,00;руб
680;Снятие скоб после операции;800,00;руб
636;Внутрисуставное введение лекарственных средств (без учета стоимости лекарственного средства);1200,00;руб
636/1;Вунтрисуставное введение лекарственных средств (Дипроспан);1600,00;руб
641;Инфильтрационная анестезия (Новокаин, Лидокаин);600,00;руб
642;Получение отделяемого из раны;200,00;руб
652;Получение  материала для бактериологического исследования (пунктата, биоптата);700,00;руб
Травматология-ортопедия 700;;;
709;Первичный прием травматолога-ортопеда;1600,00;руб
710;Повторный прием травматолога-ортопеда;1300,00;руб
715;Первичный прием травматолога- ортопеда (дети);1600,00;руб
714;Повторный прием травматолога-ортопеда (дети);1300,00;руб
703;Внутрисуставное введение лекарственных средств (без учета стоимости лекарственных стредств);1400,00;руб
711;Внутрисуставное введение лекарственныз средств (Дипроспан);1600,00;руб
704;Наложение иммобилизационной повязки при переломах и вывихах;1500,00;руб
705;Вправление вывихов малых суставов;3000,00;руб
706;Местная анестезия;300,00;руб
708;Пункция сустава (диагностическая/лечебная);1200,00;руб
712;Наложение гипсовой повязки;1000,00;руб
713;Репозиция отломков костей при закрытом переломе;2000,00;руб
терапия 800;;;
801;Первичный прием врача-терапевта;1500;руб
802;Повторный прием врача- терапевта;1200;руб
803;Прием на дому врача терапевта (< 20 км.);2400,00;руб
804;Прием на дому врача терапевта (> 20 км.);3000,00;руб
805;Профилактический прием врача-терапевта с оформлением санаторно-курортной карты, справки в бассейн и спортивную секцию (при имеющемся дообследовании);1000,00;руб
пульмонология 900;;;
901;Первичный прием врача- пульмонолога;1600;руб
902;Повторный прием врача- пульмонолога;1400;руб
903;Прием на дому врача пульмонолога (< 20 км.);2800,00;руб
903/1;Прием на дому врача пульмонолога (> 20 км.);3500,00;руб
904;Определение уровня окиси углерода в выдыхаемом воздухе;800,00;руб
905;Пикфлоуметрия;400,00;руб
906;Пульсоксиметрия;200,00;руб
908;Спирография с пробой;1500,00;руб
907;Спирография;1100;руб
эндокринология 1000;;;
1001;Первичный прием врача-эндокринолога;1400,00;руб
1002;Повторный прием врача-эндокринолога;1200,00;руб
1006;Прием на дому врача-эндокринолога (< 20 км.);2200,00;руб
1004;Прием на дому врача-эндокринолога (> 20 км.);2600,00;руб
нефрология 2000;;;
2001;Первичный прием врача-нефролога;1400,00;руб
2002;Повторный прием врача-нефролога;1200,00;руб
2003;Прием на дому врача-нефролога (< 20 км.);2400,00;руб
2004;Прием на дому врача-нефролога (> 20 км.);2800,00;руб
гастроэнтерология 3000;;;
3001;Первичный прием врача-гастроэнтеролога;1400,00;руб
3002;Повторный прием врача-гастроэнтеролога;1200,00;руб
3003;Прием на дому врача-гастроэнтеролога (< 20 км.);2400,00;руб
3007;Прием на дому врача-гастроэнтеролога (> 20 км.);2800,00;руб
3006;Первичный прием врача диетолога ;2500,00;руб
3011;Повторный прием врача диетолога;1500,00;руб
3004;Экспресс-тест на Хеликобактер дыхательный;850,00;руб
;Тест на Helicobacter pylori;900,00;руб
неврология   4000;;;
4001;Первичный прием врача- невролога;1400,00;руб
4002;Повторный прием врача-невролога;1200,00;руб
4003;Прием на дому врача-невролога (< 20 км.);2500,00;руб
4004;Прием на дому врача-невролога (> 20 км.);3000,00;руб
4020;Первичный прием врача-невролога, сомнолога, кандидата медицинских наук;2600,00;руб
4021;Повторный прием врача-невролога, сомнолога кандидата медицинских наук;2300,00;руб
4025;Первичный прием врача-невролога, кандидата медицинских наук;1600,00;руб
4026;Повторный прием врача-невролога, кандидата медицинских наук;1400,00;руб
4012;Первичный прием врача-невролога (дети);2100,00;руб
4013;Повторный прием врача-невролога (дети);1800,00;руб
4014;Первичный прием врача-невролога (дети);1300,00;руб
4015;Повторный прием врача-невролога (дети);1100,00;руб
4598;Прием на дому детского невролога (< 20 км.) ;2500,00;руб
4023;Прием на дому детского невролога (> 20 км.);3000,00;руб
4016;Консультация детского невролога-эпилептолога по результатам дообследования;600,00;руб
4599;Профилактический прием врача-невролога (беременных, перед поступлением в ВУЗ, ребенка перед поступлением в дет.сад или школу);600,00;руб
4009;Паравертебральная блокада;1400,00;руб
4008;Блокада триггерных точек;700,00;руб
4024;"Ботулинотерапия Мигрени препаратом ""BOTOX"" от 100 ЕД (цена за 1ед.)";270,00;руб
4027;Ботулинотерапия блефароспазма, гемифасциального спазма (без учета стоимости препарата);3500,00;руб
5001;Первичный прием врача-психиатра-нарколога;1400,00;руб
5003;Повторный прием врача-психиатра-нарколога;1000,00;руб
5004;Профилактический прием врача-психиатра-нарколога;720,00;руб
5005;Прием на дому врача-психиатра-нарколога (< 20 км.);3200,00;руб
5009;Прием на дому врача-психиатра-нарколога (> 20 км.);3600,00;руб
5006;"""Выведение из запоя"", консультация психиатра-нарколога и инфузионная терапия";3000,00;руб
5010;Медикаментозное кодирование от алкоголизма;5300,00;руб
оториноларингология 7000;;;
7001;Первичный прием врача-оториноларинголога;1100,00;руб
7002;Повторный прием врача оториноларинголога;1000,00;руб
7003;Прием на дому врача оториноларинголога (< 20 км.);2000,00;руб
7060;Прием на дому врача-оториноларинголога (> 20 км.);2500,00;руб
7077;Первичный прием врача-оториноларинголога (дети);1100,00;руб
7035;Повторный прием врача-оториноларинголога (дети);1000,00;руб
7006;Продувание слуховой трубы по Политцеру;400,00;руб
7008;Аудиометрия;1000,00;руб
7009;Импедансометрия;800,00;руб
7027;Тимпанометрия;500,00;руб
7028;Тимпанометрия повторно;400,00;руб
7011;Инстилляция и аппликация лекарственных веществ;200,00;руб
7012;Исследование слуха с помощью камертона;500,00;руб
7013;Отсасывание слизи хирургическим отсасывателем;300,00;руб
7013/1;"Промывание придаточных пазух носа ""Кукушка""";500,00;руб
7015;Промывание лакун небных миндалин (натощак);600,00;руб
7016;Промывание серной пробки из уха;350,00;руб
7016/1;Промывание серной пробки из уха (2 уха);600,00;руб
7017;Удаление инородного тела из гортаноглотки;1000,00;руб
7018;Удаление инородного тела из носа/уха;700,00;руб
7044;Удаление инородного тела из носа/уха с анестезией;2400,00;руб
7019;Вестибулярные пробы (кресло Барани);700,00;руб
7020;Полипотомия носа до 1 кв. см.;2000,00;руб
7021;Продувание слуховой трубы с введением лекарственных веществ;300,00;руб
7024;Вскрытие, дренирование фурункула, атеромы уха;1200,00;руб
7025;Пункция гайморовой пазухи;1100,00;руб
7026;Вливание в гортань лекарственных средств;300,00;руб
7032;Постановка, наложение турунд ЛОР органов;300,00;руб
7033;Удаление серной пробки ушным крючком;300,00;руб
7034;Закрытая репозиция костей носа;1300,00;руб
7036;Пневмомассаж барабанных перепонок, 1 сторона;300,00;руб
7038;Смазывание слизистой задней стенки глотки и миндалин лекарственным раствором;200,00;руб
7039;Туалет уха;300,00;руб
7040;Туалет уха после радикальной операции;600,00;руб
7041;Передня тампонада носа (в том числе после кровотечения);1000,00;руб
7042;Задняя тампонада носа;1500,00;руб
7045;Катетеризация слуховой трубы с введением лекарственных средств;800,00;руб
7046;Лекарственные блокады в слизистую носа, глотки, уха;800,00;руб
7047;Профилактический осмотр врача-оториноларинголога (беременных, при приеме на работу, перед поступлением в ВУЗ, ребенка перед поступлением в дет.сад.или школу);600,00;руб
офтальмолог 8000;;;
8001;Первичный прием врача -офтальмолога;1350,00;руб
8002;Повторный прием врача - офтальмолога;1150,00;руб
8003;Профилактический прием врача-офтальмолога (беременных, при приеме на работу, перед поступлением в ВУЗ, ребенка перед поступлением в дет.сад.или школу);600,00;руб
8004;Тонометрия глаз (тонометром Маклакова);300,00;руб
8005;Авторефрактометрия с предварительным расширением зрачков;500,00;руб
8006;Авторефрактометрия;400,00;руб
8007;Компьютерная тонометрия;400,00;руб
8008;Проверка остроты зрения;250,00;руб
8009;Осмотр глазного дна;400,00;руб
8010;Осмотр глазного дна с предварительным расширением зрачков;600,00;руб
8011;Скиаскопия;300,00;руб
8012;Парабульбарная инъекция (без учета стоимости лекарственных препаратов);400,00;руб
8012/1;Парабульбарная инъекция (с учетом стоимости лекарственных препаратов);600,00;руб
8013;Ретробульбарная инъекция (без учета стоимости лекарственных препаратов);400,00;руб
8013/1;Ретробульбарная инъекция (с учетом стоимости лекарственных препаратов);600,00;руб
8014;Глазные инъекции субконъюктивальные ( при курсовом лечении - 10 инъекций);2000,00;руб
8015;Субконъюктивальные инъекции (без учета стоимости лекарственных препаратов);400,00;руб
8015/1;Субконъюнктивальная инъекция (с учетом стоимости лекарственных препаратов);600,00;руб
8016;Инъекция в халязион (без учета стоимости лекарственных препаратов);350,00;руб
8016/1;Инъекция в халязион (с учетом стоимости лекарственных препаратов);550,00;руб
8017;Консультация по подбору контактных линз;700,00;руб
8018;Подбор очков. Простые сферические.;400,00;руб
8019;Подбор очков. Сложные астигматические.;600,00;руб
8020;Удаление инородного тела из роговицы (единичное);1000,00;руб
8021;Удаление инородного тела из роговицы (множественное);2000,00;руб
8023;Удаление инородного тела из конъюктивы;200,00;руб
8027;Осмотр периферии 3-х зеркальной линзой Гольдмана с предварительным расширением зрачков;800,00;руб
8030;Механическая эпиляция ресниц при трихиазе (1 глаз);300,00;руб
8031;Зондирование слезно-носового канала;1200,00;руб
8032;Промывание слезных путей;600,00;руб
8033;Проба Ширмера (1 глаз);200,00;руб
8033/1;Проба Ширмера (2 глаза);300,00;руб
8034;Биомикроскопия (осмотр переднего отрезка на щелевой лампе);300,00;руб
8035;Гониоскопия;800,00;руб
8036;Снятие швов с конъктивы;600,00;руб
8037;Снятие швов с роговицы;1000,00;руб
8038;Массаж век (1 глаз);300,00;руб
8039;Флюоресцеиновая проба (1 глаз);250,00;руб
8040;Снитие швов с кожи век (1 глаз);800,00;руб
8042;Акция! Прием офтальмолога в утренние часы по будням;800,00;руб
8043;Акция! Подбор очков. Простые сферичечкие.;250,00;руб
8044;Акция! Подбор очков. Сложные астигматические.;450,00;руб
дерматовенерология  9000;;;
9001;Первичный прием врача-дерматовенеролога;1000,00;руб
9002;Повторный прием врача-дерматовенеролога;900,00;руб
9003;Прием на дому врача-дерматовенеролога (< 20 км.);2000,00;руб
9098;Прием на дому врача-дерматовенеролога (>20 км.);2400,00;руб
9095;Прием врача-дерматовенеролога перед процедурой;500,00;руб
9061;Дерматоскопия;500,00;руб
9064;Профилактический осмотр врача-дерматовенеролога (беременных, при приеме на работу, перед поступлением в ВУЗ, ребенка перед поступлением в дет.сад.или школу, для выдачи справки в бассейн) при имеющемся дообследовании;600,00;руб
;Радиохирургическое удаление образований на аппарате Сургидрон;;
9023;Анестезия инфильтрационная;550,00;руб
9004;Удаление папиллом до 0,5 см;230,00;руб
9005;Удаление папиллом свыше 0,5 см;350,00;руб
9006;Удаление множественных папиллом, 10-15 элементов;2000,00;руб
9053;Удаление множественных папиллом, 15-20 элементов;2500,00;руб
9054;Удаление множественных папиллом, 20-30 элементов;3500,00;руб
9007;Удаление кератомы до 0,2 см;220,00;руб
9008;Удаление кератомы от 0,2 до 0,4 см;550,00;руб
9009;Удаление кератомы от 0,5 до 1,0 см;770,00;руб
9010;Удаление кератомы более 1,0 см;1850,00;руб
9011;Удаление кератомы, более 5 шт.;350,00;руб
9012;Удаление кератоакантомы (кожный рог);1100,00;руб
9013;Удаление невуса до 0,5 см;1160,00;руб
9014;Удаление невуса до 0,5 см (лицо);1510,00;руб
9015;Удаление невуса от 0,5 до 1,0 см;2310,00;руб
9016;Удаление невуса от 0,5 до 1,0 см (лицо);2890,00;руб
9017;Удаление невуса более 1,0 см;3360,00;руб
9018;Удаление гемангиомы до 0,5 см;920,00;руб
8019.1;Удаление гемангиомы более 0,5 см;2890,00;руб
8020.1;Удаление мягкой фибромы на ножке до 1,0 см;2310,00;руб
9021;Удаление мягкой фибромы на ножке более 1,0 см;3470,00;руб
9022;Удаление кисты до 0,5 см;2890,00;руб
9024;Удаление бородавок до 0,5 см;1160,00;руб
9025;Удаление бородавок более 0,5 см;1510,00;руб
9090;Удаление множественных бородавок;3500,00;руб
9026;Удаление подошвенных бородавок до 0,5 см 1;1160,00;руб
9027;Удаление подошвенных бородавок более 0,5 см 1;2500,00;руб
9029;Удаление угрей, 1 элемент;410,00;руб
9030;Удаление милиумов, 1 элемент;410,00;руб
9031;Удаление элементов конгатиозного моллюска;410,00;руб
9032;Удаление пустулы, 1 элемент;410,00;руб
9033;Удаление ангиоэктазий, 1 элемент;810,00;руб
9034;Удаление новообразований на теле верхних и нижних конечностей до 0,3 см;550,00;руб
9035;Удаление новообразований на теле верхних и нижних конечностей от 0,3 до 1,0 см;1650,00;руб
9036;Удаление новообразований на теле верхних и нижних конечностей более 1,0 см;2750,00;руб
9037;Удаление новообразований на лице (папилломы, ксантелазмы, кератомы) до 0,3 см;1100,00;руб
9038;Удаление новообразований на лице (папилломы, ксантелазмы, кератомы) от 0,3 до 1,0 см;2200,00;руб
9039;Удаление новообразований на лице (папилломы, ксантелазмы, кератомы) более 1,0 см;3300,00;руб
9086;Удаление элементов суммарной площадью 1 см кв;1000,00;руб
9087;Удаление элементов суммарной площадью 1-3 см кв;2000,00;руб
9088;Удаление элементов суммарной площадью 3-5 см кв;3000,00;руб
9089;Удаление элементов суммарной площадью 5 см кв;5000,00;руб
;Криодеструкция;;
9040;Удаление новообразований, бородавок на верхних и нижних конечностях до 0,5 см;550,00;руб
9041;Удаление новообразований, бородавок на верхних и нижних конечностях от 0,5 до 1,0 см;1100,00;руб
9042;Удаление подошвенных бородавок до 0,5 см;1100,00;руб
9043;Удаление подошвенных бородавок более 0,5 см;2500,00;руб
9044;Удаление вирусных папиллом, 1 элемент;300,00;руб
9045;Удаление вирусных папиллом, более 10 элементов;3000,00;руб
9046;Дерматоскопия, 1 элемент;500,00;руб
9047;Дерматоскопия при множественных образованиях;3470,00;руб
9048;Удаление кондилом в перианальной области до 3 шт 1;3000,00;руб
9049;Удаление кондилом в перианальной области от 3 до 10 шт 1;9240,00;руб
9050;Удаление кондилом в перианальной области более 10 шт 1;17330,00;руб
косметология 10000;;;
;Плазмолифтинг (в инъекциях);;
10080;Первичный прием косметолога;1000,00;руб
10081;Повторный прием косметолога;900,00;руб
10082;Консультация косметолога (перед процедурой);500,00;руб
;ТРИХОЛОГИЯ;;
10083;Первичная консультация врача-дерматовенеролога, трихолога с дерматоскопией;1500,00;руб
10084;Повторная консультация врача-дерматовенеролога, трихолога;1000,00;руб
;Инъекционное введение лекарственных средств в кожу волосистой части головы;;
10116;Внутрикожное введение Бетаметазона дипропионат+Бетаметазона натрия фосфат 1 мл;2500,00;руб
10117;Внутрикожное введение лекарственных препаратов в кожу волосистой части головы (сосудистые препараты, витамины, микроэлементы);3000,00;руб
10118;Внутрикожное введение обогащенной тромбоцитами аутологичной плазмы крови в кожу волосистой части головы (2 пробирки);6000,00;руб
10119;Внутрикожное введение имплант гиалуроновый с витаминами Hair 1 шприц 1,3 мл;2500,00;руб
10120;Внутрикожное введение имплант гиалуроновый с витаминами Hair VitaZine B+;1500,00;руб
10121;Внутрикожное введение имплант гиалуроновый с витаминами Hair B Complen;1100,00;руб
10122;Внутрикожное введение имплант гиалуроновый сосудистыми препаратами GAG Complex;1500,00;руб
;Анестезия локальная;;
10069;Крем лидокаин + прилокаин (Эмла) 5% - 5,0;550,00;руб
10135;Спрей Лидокаин 10%;330,00;руб
10136;Внутрикожное введение лекарственных средств: Лидокаин 2%, 1 мл;220,00;руб
10137;Внутрикожное введение лекарственных средств: Ультракаин 1%, 1 мл;280,00;руб
10139;"Средство косметическое для ухода за кожей гель ""Премиум Дип Лайн профессиональная""";500,00;руб
;Электроэпиляция;;
10133;Электроэпиляция: лицо (10 мин);500,00;руб
10134;Электроэпиляция: тело (10 мин);400,00;руб
9055;Электроэпиляция: лицо (>10 мин) 1 минута;75,00;руб
10132;Электроэпиляция: тело (>10 мин) 1 минута;65,00;руб
;"Косметологические процедуры классической линии ""SELVERT THERMAL""";;
10001;"косметологический уход глубокого очищения кожи ""Первозданная чистота""";2990,00;руб
10002;"косметологический уход глубокого увлажнения кожи "" Термальный источник""";2790,00;руб
10003;"косметологический уход антиоксидантный, оживляющий ""Антиоксидантная защита""";2690,00;руб
10004;"косметологический уход для кожи вокруг глаз, разглаживающий, укрепляющий ""Сияние глаз""";2450,00;руб
10005;"омолаживающий уход экстра классадля повышенияупругости иэластичности кожи ""Ренессанс молодости""";2550,00;руб
10006;"отбеливающий уход ""Белое сияние""";2990,00;руб
10007;"косметологический уход проблемной кожи""Источник чистоты""";2790,00;руб
10008;"косметологический противокуперозный уход ""Абсолютный комфорт""";2690,00;руб
10009;"косметологический уход, восстановливающий водный баланс для обезвоженной гиперчувствительной кожи "" Максимальное увлажнение""";3490,00;руб
10010;"косметологический уход экспресс-увлажнение для молодой кожи""Живая вода""";1990,00;руб
10011;"косметологический уход для увядающей кожи ""Прикосновение молодости""";2290,00;руб
10012;"косметологический уход -экспресс освежающий ""Сияние красоты""";2190,00;руб
10013;"косметологический экспресс-уход для реактивной, гиперчувствительной кожи""Термальный комфорт""";2290,00;руб
;"Лечебные косметологические процедуры линии ""SELVERT MEN"" ДЛЯ МУЖЧИН";;
10014;"косметологический противовоспалительный очищающий уход для мужчин ""Чистота и здоровье""";2590,00;руб
10015;"косметологический омолаживающий регенерирующий уход для мужчин ""Молодость и красота""";3090,00;руб
;"Косметологические  процедуры линии ""NATUREL""";;
10017;интерактивный уход;4000,00;руб
10018;акне-процедура (для жирной кожи);3500,00;руб
10019;пилинг антикупероз;3500,00;руб
10021;летний пилинг;3200,00;руб
10022;увлажняющий уход POLY PEEL+ HIDRA INTENSY;3200,00;руб
10023;лифтинговый уход POLY PEEL + FIRMING LIFT;3600,00;руб
10024;поверхностный пилинг (гликолевая кислота 70 % ph 1);2990,00;руб
10025;поверхностный пилинг (гликолевая кислота 70 % ph 2);2990,00;руб
10026;поверхностный пилинг (гликолевая кислота 70 % ph 3);2990,00;руб
;Химические пилинги;;
10094;Салициловый;1500,00;руб
10016;Миндальный;3100,00;руб
10020;Гликолевый;2000,00;руб
10095;Молочный;1500,00;руб
10096;Пировиноградный;1500,00;руб
10097;Азелаиновый;3100,00;руб
10098;Феруловый;3100,00;руб
10099;Желтый пилинг;4900,00;руб
10100;SAMA Peel (салициловая к-та 20%, миндальная к-та 22%, ph=1,0-2,5);3100,00;руб
;Инъекционная косметология;;
;Биоревитализация;;
10031;IAL-SISTEM 1,1 мл;10650,00;руб
10032;IAL-SISTEM 0,6 мл;7300,00;руб
10033;IAL-SISTEM ACP 1,0 мл;13350,00;руб
10034;TEOSYAL MEZO;9850,00;руб
10144;TEOSYAL MEZO Эксперт, 3 мл;17500,00;руб
10128;TEOSYAL Redensity II;19800,00;руб
10143;TEOSYAL Redensity, 1 мл;10800,00;руб
10035;TEOSYAL FIRST LINES 0,7;13950,00;руб
10036;TEOSYAL TOUCH 0,5;13950,00;руб
10037;TEOSYAL GLOBAL ACTION 1,0;19850,00;руб
10038;TEOSYAL DEEPLINES 1,0;22000,00;руб
10039;TEOSYAL  KISS 1,0;23850,00;руб
10040;TEOSYAL ULTRA DEEP 1,0;23850,00;руб
10041;TEOSYAL ULTRIMATE 3,0;49650,00;руб
10127;TEOSYAL Pure Sense Redensity, 1 мл;10750,00;руб
10145;Restyline vital lait, 1 мл;11350,00;руб
10146;Restyline vital, 1 мл;15000,00;руб
10147;Viscoderm 2%, 1 мл;10000,00;руб
10148;Viscoderm skinco;6700,00;руб
10149;Viscoderm 0,8%, 1 мл;7900,00;руб
10150;Viscoderm 1,6%, 1 мл;8900,00;руб
10078;Hyalax Revitalize skin 1,1 мл;8500,00;руб
10089;Princess Rich 1 мл;11500,00;руб
10151;Meso Hydral, 2% ГК, 2 мл;3100,00;руб
10152;Meso Hydral, 2% ГК, 4 мл;5300,00;руб
10153;Meso Hydral, 1 шприц  1,3 мл;6900,00;руб
10154;Meso-Wharton 1,5 мл;16000,00;руб
10155;Meso-Xanthin F199 1,5 мл;16000,00;руб
10156;PROFHILO 2 мл;16500,00;руб
10157;ГидроЛайн Экстра 1,3 мл;8900,00;руб
10158;ГидроЛайн Экстра 2 мл;9000,00;руб
10159;Реджениал IDEA Bioexpander 1,1 мл;11900,00;руб
10160;IAL систем DUO 1 мл;15500,00;руб
;Введение искусственных наполнителей в мягкие ткани с целью коррекции формы с использованием канюлей;;
10140;Введение искусственных наполнителей в мягкие ткани с целью коррекции формы с использованием канюлей (22 ед / 57 мл);1100,00;руб
10141;Введение искусственных наполнителей в мягкие ткани с целью коррекции формы с использованием канюлей (25 ед/ 50 мл);1300,00;руб
10142;Введение искусственных наполнителей в мягкие ткани с целью коррекции формы с использованием канюлей (27 ед / 40 мл);1300,00;руб
;Контурная пластика;;
10042;IUVEDERM HIDRATE 1 vvk;12700,00;руб
10045;IUVEDERM ULTRA 4,  1 мл;17000,00;руб
10044;IUVEDERM ULTRA 3,  1 мл;15000,00;руб
10043;IUVEDERM ULTRA 2,   0,55 мл;13500,00;руб
10123;IUVEDERM Voluma, 1 мл;20000,00;руб
10124;IUVEDERM Voluma (1 мл + 1 мл), 1 процедура;35000,00;руб
10125;IUVEDERM Ultra Smile, 0,55 мл;13000,00;руб
10046;IUVEDERM Volbella, 1 мл;18800,00;руб
10126;IUVEDERM Volift, 1 мл;18000,00;руб
10050;BELOTERO SOFT, 1 мл;16000,00;руб
10051;BELOTERO BALANCE, 1 мл;17000,00;руб
10052;BELOTERO INTENS, 1 мл;20150,00;руб
10048;Restyline, 1 мл;16000,00;руб
10049;Restyline, 0,5 мл;12500,00;руб
10129;Restyline Perlane, 1 мл;18000,00;руб
10130;Restyline Touch, 1 мл;11500,00;руб
10131;Restyline Lipp  0,5 мл;15000,00;руб
10079;Hyalax Base  1,1 мл;12000,00;руб
10093;Hyalax Light  1,1 мл;10000,00;руб
;Коррекция мимических морщин;;
10029;препарат BOTOX (за 1ЕД.);360,00;руб
10028;препарат КСЕОМИН (за 1ЕД);360,00;руб
10027;препарат DYSPORT (за 1ЕД);140,00;руб
10091;Инъекции лонгидазы;1500,00;руб
;Мезотерапия;;
10101;Мезотерапия anti age 4,0 мл ГК 0,5%;3500,00;руб
10102;Мезотерапия anti age 4,0 мл ГК 1%;4900,00;руб
10103;Мезотерапия anti age 1 шприц 2 мл;5100,00;руб
10104;Мезотерапия увлажняющая 2 мл ГК 2%;3100,00;руб
10105;Мезотерапия увлажняющая 4 мл ГК 2%;5300,00;руб
10106;Мезотерапия увлажняющая 5 мл ГК 1,5%;3100,00;руб
10107;Мезотерапия параорбитальной области (мультипептидный комплекс);3300,00;руб
10108;Мезотерапия противовоспалительная 2мл (анти-акне терапия после агрессивных процедур);2500,00;руб
10109;Мезотерапия противовоспалительный комплекс 1 шприц, объем 1,3;7900,00;руб
10110;Мезотерапия гиперпигментации;2500,00;руб
10111;Мезотерапия гиперпигментации 1 шприц, объем 2 мл;8100,00;руб
10054;Мезотерапия клеточная омоложивающая;8900,00;руб
10112;Лифтинговая мезотерапия;2500,00;руб
10113;Экспресс-лифтинг;3900,00;руб
10114;Капилляромезотерапия;650,00;руб
10115;Лимфодренажная мезотерапия;1580,00;руб
10086;Сосудистая мезотерапия;1500,00;руб
10163;Мезотерапия стрий 1 зона;3950,00;руб
10164;Мезотерапия стрий тела, 1 зона;5500,00;руб
10165;Мезотерапия стрий жировых пакетов, 1 зона;3950,00;руб
10161;Плазмолифтинг 1 зона (2 шприца);6000,00;руб
10162;Плазмолифтинг второй и далее зон;5700,00;руб
;Чистка лица;;
10085;Механическая чистка;3000,00;руб
10077;Ультразвуковая чистка;2000,00;руб
10138;Комбинированная чистка;3000,00;руб
Акушер-гинеколог 20000;;;
;Акушер-гинеколог;;
20001;Первичный прием врача-акушера-гинеколога беременной (до 32 недель);1500,00;руб
20002;Первичный прием врача-акушера-гинеколога беременной после ЭКО (до 32 недель);1600,00;руб
20004;Кардиотокография;1400,00;руб
20005;Кардиотокография (двойня);2200,00;руб
20006;УЗИ 1-й триместр беременности;1500,00;руб
20007;УЗИ 1-й триместр беременности (2 плода);2000,00;руб
20008;УЗИ 2-й триместр беременности;2000,00;руб
20009;УЗИ 2-й триместр беременности (2 плода);1500,00;руб
20010;УЗИ 3-й триместр беременности;2000,00;руб
20011;УЗИ 3-й триместр беременности (2 плода);2500,00;руб
20012;Доплерометрия сосудов матки и плода.;1200,00;руб
20013;Доплерометрия сосудов матки и плода (2 плода);1500,00;руб
20077;медикаментозное прерывание беременности;12000,00;руб
;Гинеколог;;
20014;Первичный прием врача гинеколога;1400,00;руб
20014/1;Повторный прием врача гинеколога;1100,00;руб
20015;Первичный прием детского гинеколога;1500,00;руб
20015/1;Повторный прием детского гинеколога;1200,00;руб
20062;Первичный прием врача гинеколога-эндокринолога;1600,00;руб
20063;Повторный прием врача гинеколога-эндокринолога;1300,00;руб
20018;Первичный прием врача гинеколога по бесплодию;1500,00;руб
20086;Повторный прием врача гинеколога по бесплодию;1300,00;руб
20020;Введение ВМС (под контролем УЗИ);3000,00;руб
20021;Удаление ВМС с сохраненными усиками (под контролем УЗИ);1500,00;руб
20022;Удаление ВМС с сохраненными усиками повышенной сложности (под контролем УЗИ);3500,00;руб
20021/1;Удаление инородного тела влагалища;1000,00;руб
20023;Кольпоскопия;1500,00;руб
20024;Биопсия шейки матки малого участка обычная (без стоимости цитологического исследования);2500,00;руб
20025;Аспирационная биопсия эндометрия (без стоимости гистологического исследования);4500,00;руб
20026;Лечение эрозии шейки матки (ДЭК);4000,00;руб
20068;Лечение эрозии шейки матки (лекарственным средством);2000,00;руб
20027;Удаление кист, кондилом, папиллом влагалища, вульвы и промежности до 10 ед.;3000,00;руб
20028;Удаление кист, кондилом, папиллом влагалища, вульвы и промежности более 10 ед.;3500,00;руб
20029;Обработка эрозии шейки матки лекарственными веществами;1200,00;руб
20030;Лечение остроконечных кондилом влагалища лекарственным веществом, вульвы и промежности до 10 ед.;2000,00;руб
20031;Лечение остроконечных кондилом влагалища лекарственным веществом, вульвы и промежности свыше 10 ед.;2500,00;руб
20032;Послеоперационная обработка шейки матки;500,00;руб
20033;Снятие швов с шейки матки;1200,00;руб
20034;Полипэктомия цервикального канала (под контролем УЗИ);4500,00;руб
20035;Вскрытие абсцесса бартолиновой железы;4000,00;руб
20036;Постановка влагалищного кольца (без стоимости кольца);500,00;руб
20037;Удаление влагалищного кольца;400,00;руб
20039;Снятие косметологических швов после кесарево сечения;1000,00;руб
20040;Снятие швов с промежности и влагалища после родов;1000,00;руб
20041;Удаление кисты бартолиновой железы;8000,00;руб
20042;Удаление кисты влагалища;8000,00;руб
20043;Удаление полипа влагалища;4500,00;руб
20048;Катетеризация мочевого пузыря (в центре или на дому);500,00;руб
20049;Трансабдоминальное УЗИ органов малого таза ;1100,00;руб
20050;Трансвагинальное УЗИ органов малого таза ;1200,00;руб
20051;Трансабдоминальное и трансвагинальное УЗИ органов малого таза;1500,00;руб
20064;Анестезия инфильтрационная;550,00;руб
20067;Обработка влагалища лекарственным средством;600,00;руб
20060;Спринцевание влагалища Хлоргексидином + тампоны с влагалищной мазью Метронидазол;800,00;руб
20070;Медицинская справка по форме 095/у (о временной нетрудоспособности студента, школьника, ребенка-дошкольника);600,00;руб
20072;Эксцизия шейки матки;3500,00;руб
20073;МСКТ - Гистеросальпингография (ГСГ);12000,00;руб
20074;Расширенная кольпоскопия (без гистологии);6000,00;руб
20076;Фолликулометрия;2100,00;руб
20059;Получение влагалищного мазка;250,00;руб
20038;Получение соскоба с шейки матки;450,00;руб
20071;Профилактический прием врача-акушера-гинеколога (беременных, перед поступлением в ВУЗ, ребенка перед поступлением в дет.сад или школу);800,00;руб
Уролог 30000;;;
30001;Первичный прием врача-уролога;1200,00;руб
30002;Повторный прием врача-уролога;900,00;руб
30023;Прием на дому врача-уролога (< 20 км.);2200,00;руб
30030;Прием на дому врача-уролога (> 20 км.);2600,00;руб
30003;Получение соскоба из уретры;200,00;руб
30004;Сбор секрета предстательной железы;500,00;руб
30006;Цистоскопия (жен.);1500,00;руб
30007;Цистоскопия (муж.);1500,00;руб
30008;Урофлоуметрия;500,00;руб
30009;Катетеризация мочевого пузыря ;500,00;руб
30010;Замена катетера Фоллея;500,00;руб
30011;Замена мочеприемника;300,00;руб
30012;Массаж предстательной железы (пальцевой/Мавит);500,00;руб
30014;Перевязка чистой раны;500,00;руб
30016;Вправление парафимоза;500,00;руб
30017;Устранение физиологического фимоза;600,00;руб
30018;Удаление кондилом в перианальной области до 3 шт;3000,00;руб
30019;Удаление кондилом в перианальной области от 3 до 10 шт ;9240,00;руб
30020;Удаление кондилом в перианальной области более 10 шт ;17330,00;руб
30026;Профилактический прием врача-уролога (беременных, при приеме на работу, перед поступлением в ВУЗ, ребенка перед поступлением в дет.сад.или школу);600,00;руб
30033;Анестезия местная (гель Катеджель с Лидокаином);330,00;руб
30029;Инстилляция уретры с лекарственными веществами;300,00;руб
Процедурный кабинет;;;
41;АКЦИЯ: УЗИ щитовидной железы + ТТГ, Т4 свободный;1644;руб
28;Взятие крови из пальца;180,00;руб
06;Взятие крови из периферической вены;200,00;руб
43;"Взятие крови ""на вынос""";400,00;руб
06/1;Взятие мазка/отделяемого из ротоглотки на COVID-19;650,00;руб
13;Взятие соскоба с перианальной области на энтеробиоз;200,00;руб
33;Внутривенное введение (с учетом стоимости лекарственных средств);800,00;руб
09;Внутривенное введение лекарственных препаратов (без учета стоимости лек. средств);400,00;руб
08;Внутримышечное введение лекарственных препаратов (без учета стоимости лек. средств);200,00;руб
29;Внутримышечное введение лекарственных препаратов (с учетом стоимости лекарственных стредств);600,00;руб
25;Выдача дубликата справки (водит. комиссия. справка на оружие);200,00;руб
22;Депозит;15800,00;руб
15/1;Депозит;15000,00;руб
19/1;Депозит 19000;19500,00;руб
37;ПРОФИЛАКТИКА ИНСУЛЬТА: анализы крови на холестерин-ЛПНП и глюкозу, УЗИ магистральных артерий головы, КТ головного мозга, консультация невролога;7990;руб
38;Измерение артериального давления на периферических артериях;50,00;руб
30;Инфузии внутривенные (без учета стоимости лекарственных средств);600,00;руб
19;Инфузии внутривенные: по назначению врача гинеколога (с учетом стоимости лекарственных средств) ;700,00;руб
32;Инфузии внутривенные: по назначению врача кардиолога (с учетом стоимости лекарственных стредств);700,00;руб
20;Инфузии внутривенные: по назначению врача невролога (с учетом стоимости лекарственных средств) ;700,00;руб
21;Инфузии внутривенные: по назначению врача психиатра (с учетом стоимости лекарственных средств) ;1000,00;руб
31;Инфузии внутривенные: по назначению врача терапевта (с учетом стоимости лекарственных средств);700,00;руб
12;Катетеризация периферической вены;500,00;руб
35;Медицинская справка по форме 027/у (выписка из амбулаторной карты);200,00;руб
34;Оформление больничного листа;600,00;руб
15;Подарочный сертификат;2200,00;руб
16;Подарочный сертификат;2000,00;руб
17;Подарочный сертификат;3000,00;руб
18;Подарочный сертификат;3400,00;руб
10;Подкожное введение лекарственных препаратов (без учета стоимости лекарственных средств);200,00;руб
07;Получение влагалищного мазка;200,00;руб
26;Услуги сестринского персонала на дому (<20км);1000,00;руб
44;Экспресс анализ на сахар;100,00;руб
АКЦИИ;;;
;ПРОФИЛАКТИКА ИНСУЛЬТА: анализы крови на холестерин-ЛПНП и глюкозу, УЗИ магистральных артерий головы, КТ головного мозга, консультация невролога;7990;руб
;Акция по урологии: Для пациентов старше 55 лет! (первичный прием + ТРУЗИ, анализ крови на ПСА в подарок);2090,00;руб
;УЗИ щитовидной железы + ТТГ, Т4 свободный;1644;руб
;"Акция! Прокол ушей ""Systema 75"" (включает консультацию дерматолога и серьги)";2000,00;руб
;"Женское здоровье I (1)	ПЦР диагностика ИППП (Сhlamydia trachomatis, Mycoplasma genitalium, U.parvum/urealyticum, Gardnerella vaginalis, Cytomegalovirus, ВПЧ 16 и 18 типов, забор биоматериала, консультация гинеколога) ";2350,00;руб
;Женское здоровье II (Анализ крови на онкомаркер рака груди СА 15.3, УЗИ молочных желез, консультация гинеколога);2740,00;руб
;Женское здоровье III (Анализ крови на онкомаркер рака яичников СА 125, Трансвагинальное УЗИ малого таза, консультация гинеколога) ;2420,00;руб
;АКЦИЯ! Coronavirus SARS-CoV-2, РНК (реал-тайм ПЦР) + взятие мазка/отделяемого из рото/носоглостки на COVID-19;1350;руб
психолог;;;
70001;Индивидуальная консультация психолога;1800,00;руб
70002;Семейная консультация психолога;2500,00;руб
70003;Индивидуальная консультативная психокоррекция с психологом;1500,00;руб
70004;Семейная консультативная психокоррекция с психологом;2000,00;руб
Сосудистая хирургия;;;
;Первичный прием врача-сердечно-сосудистого хирурга;2500,00;руб
;Повторный прием врача-сердечно-сосудистого хирурга;2200,00;руб
Профосмотры;;;
;МЕДИЦИНСКИЕ КНИЖКИ;;
80000;Осмотр оториноларинголога;300,00;руб
80001;Осмотр дерматовенеролога;300,00;руб
80002;Осмотр стоматолога;300,00;руб
80003;Осмотр терапевта;300,00;руб
80004;Анализ кала на я/гельминтов;320,00;руб
80005;Соскоб на энтеробиоз;240,00;руб
80006;Анализ крови на брюшной тиф;750,00;руб
80007;Бактериологический анализ на возбудителей кишечной группы (без а/б и фагочувствительности) (кал);1050,00;руб
80008;Анализ крови на RPR;200,00;руб
80009;Мазок из зева на наличие стафилококка;320,00;руб
80010;Мазок из носа на наличие стафилококка;320,00;руб
80011;Мазок из зева на наличие стафилококка (ПОВТОРНО);270,00;руб
80012;Мазок из носа на наличие стафилококка (ПОВТОРНО);270,00;руб
80013;Микроскопические исследование на флору (гонококк) (мазок);200,00;руб
80014;Взятие соскоба с перианальной области на энтеробиоз;50,00;руб
80015;Взятие мазка из носа/зева;50,00;руб
80016;Взятие крови из периферической вены;50,00;руб
80017;Новая ЛМК;1450,00;руб
80018;Замена ЛМК;400,00;руб
;УСТРОЙСТВО НА РАБОТУ (ПРЕДВАРИТЕЛЬНЫЙ МО);;
80050;Омотр оториноларинголога;300,00;руб
80051;Осмотр офтальмолога;300,00;руб
80052;Осмотр невролога;300,00;руб
80053;Осмотр хирурга;300,00;руб
80054;Осмотр дерматовенеролога;300,00;руб
80055;Осмотр психиатра;300,00;руб
80056;Осмотр психиатра-нарколога;300,00;руб
80057;Осмотр гинеколога;300,00;руб
80058;Осмотр уролога;300,00;руб
80059;Осмотр терапевта;300,00;руб
80060;Заключение профпатолога;300,00;руб
80061;Общий анализ крови + СОЭ;300,00;руб
80062;Общий анализ мочи;170,00;руб
80063;Анализ крови на глюкозу;120,00;руб
80064;Анализ крови на холестерин;120,00;руб
80065;Группа крови + резус фактор;520,00;руб
80066;Анализ крови на ретикулоциты;160,00;руб
80067;Анализ крови на метгемоглобин;290,00;руб
80068;Взятие крови из периферической вены;50,00;руб
80069;Аудиометрия;300,00;руб
80070;Мазок на флору;180,00;руб
80071;Мазок на атипичные клетки (цитология);410,00;руб
80072;Электрокардиограмма (ЭКГ);550,00;руб
80073;Спирометрия;50,00;руб
80074;Динамометрия;50,00;руб
80075;Измерение внутриглазного давления (после 40 лет);400,00;руб
80076;УЗИ органов малого таза у женщин;600,00;руб
80077;УЗИ органов малого таза у мужчин;600,00;руб
4031;Ботулинотерапия спастичности без УЗ навигации (без учета стоимости препарата);3500;руб
4031.1;Консультация врача-невролога, специалиста по ботулинотерапии;3500;руб
4032;Ботулинотерапия спастичности с УЗ навигацией (без учета стоимости препарата);3500;руб
4029;Первичный прием врача невролога-эпилептолога;2500;руб
4030;Повторный прием врача-невролога-эпилептолога;2200;руб